task_id,school,stage,task_name,description,trigger_condition,deadline,required_documents,action_url,risk_level,source_url,updated_at,task_code,evidence_count,candidate_evidence_count,usable_evidence_count,review_evidence_count,rejected_evidence_count,evidence_types,official_deadline_evidence,official_document_evidence,official_action_evidence,official_action_urls,official_fee_evidence,evidence_ids,evidence_quality_status,evidence_quality_notes,enrichment_status,enriched_at
cuhk-accept_offer,CUHK,offer_acceptance,接受 offer 并确认入读意向,登录学校申请系统或 offer letter 指定入口，按要求接受录取。若页面要求同时确认条款、上传回执或选择入学批次，需要一并完成。,收到 offer 后，且尚未完成 official acceptance。,以 offer letter、申请系统或学院邮件显示的 acceptance deadline 为准。,offer letter；申请系统账号；学校要求的接受录取确认信息。,https://www.gs.cuhk.edu.hk/admissions,high,https://www.gs.cuhk.edu.hk/admissions,2026-06-29,accept_offer,3,4,3,0,1,"action_instruction, action_url, required_document",,"If you cannot provide document(s) to fulfil the admission condition(s) mentioned in the Admission Notification, your admission offer will be withdrawn.",Applicants can check their application status via the Online Application System for Postgraduate Programmes (https://www.gradsch.cuhk.edu.hk/OnlineApp/login_email.aspx),https://www.gradsch.cuhk.edu.hk/OnlineApp/login_email.aspx,,cuhk__accept_offer__action_url__0086_00; cuhk__accept_offer__action_instruction__0086_01; cuhk__accept_offer__required_document__0090_00,audited,3 keep; 1 reject,evidence_found,2026-06-30
cuhk-pay_deposit,CUHK,offer_acceptance,缴纳留位费 / admission deposit,按学校指定付款方式缴纳留位费，并保存付款成功页面、交易编号或银行凭证。,offer 条款或申请系统要求缴纳 deposit，且尚未完成付款。,通常与接受 offer 的截止日绑定；以 offer letter / portal 的金额与截止时间为准。,银行卡或汇款信息；付款凭证；application number / student ID。,https://www.gs.cuhk.edu.hk/admissions,high,https://www.gs.cuhk.edu.hk/admissions,2026-06-29,pay_deposit,5,12,5,6,1,action_instruction,,,The payment due date for deposit payment is specified in your admission notification. | You may refer to the payment advice at the Online Application System for Postgraduate Programmes (https://www.gradsch.cuhk.edu.hk/OnlineApp/login_email.aspx) for various payment methods as well as other relevant details. | You may contact your Graduate Division/Programme to see if your deferral request could be accepted.,,,cuhk__pay_deposit__action_instruction__0092_01; cuhk__pay_deposit__action_instruction__0092_02; cuhk__pay_deposit__action_instruction__0093_01; cuhk__pay_deposit__action_instruction__0093_04; cuhk__pay_deposit__action_instruction__0095_01,audited,5 keep; 6 review/missing; 1 reject,evidence_found,2026-06-30
cuhk-submit_conditions,CUHK,offer_acceptance,补交 conditional offer 材料,核对 conditional offer 中尚未满足的条件，提交最终成绩单、毕业证、学位证、语言成绩或官方认证文件。,offer 为 conditional，且仍有 pending condition。,以 conditional offer、学院邮件或学校系统内的 document deadline 为准。,最终成绩单；毕业证 / 学位证；语言成绩；官方认证件；学校额外要求文件。,https://www.gs.cuhk.edu.hk/admissions,high,https://www.gs.cuhk.edu.hk/admissions,2026-06-29,submit_conditions,4,17,4,0,13,"action_instruction, required_document",,"Please submit your latest official transcript. | If accepted, provide an official final transcript and degree certificate upon admission.","Please submit your latest official transcript. | If accepted, provide an official final transcript and degree certificate upon admission.",,,cuhk__submit_conditions__required_document__0068_01; cuhk__submit_conditions__action_instruction__0068_02; cuhk__submit_conditions__required_document__0068_03; cuhk__submit_conditions__action_instruction__0068_04,audited,4 keep; 13 reject,evidence_found,2026-06-30
cuhk-apply_student_visa,CUHK,visa,申请学生签证 / 进入许可,内地学生通常需要通过学校申请 entry permit / student visa。尽早准备表格、身份证明、录取证明和资金材料，等待学校或入境处处理。,决定入读且尚未递交学生签证 / 进入许可申请。,以学校签证页面、邮件及香港入境事务处处理周期为准；不要等到临近开学才递交。,签证 / 进入许可申请表；旅行证件；录取证明；财力证明；照片；学校要求的其他文件。,https://www.gs.cuhk.edu.hk/registration/visa-application,high,https://www.gs.cuhk.edu.hk/registration/visa-application,2026-06-29,apply_student_visa,23,25,23,2,0,"action_instruction, action_url, deadline, required_document",The application process normally takes around 6‐8 weeks. | It is the student’s responsibility to apply for their visa/entry permit in a timely manner and to apply for extension before its expiry. | Admission Date Time to Apply 1 August At least 2 months before commencement of study 1 September At least 2 months before commencement of study 1 January At least 2 months before commencement of study,"Upon receipt of the duly completed application forms, supporting documents and payment, the Immigration Department takes around 6-8 weeks to process the applications. | View the document list at Visa Application (https://www.gs.cuhk.edu.hk/registration/visa-application) | For other overseas students: To activate the student visa, you should enter into Hong Kong with the student visa and your passport.",It is the student’s responsibility to apply for their visa/entry permit in a timely manner and to apply for extension before its expiry. | Admission Date Time to Apply 1 August At least 2 months before commencement of study 1 September At least 2 months before commencement of study 1 January At least 2 months before commencement of study | The handling fee should be settled by credit card on the Online Application System for Postgraduate Programmes (https://www.gradsch.cuhk.edu.hk/OnlineApp/login_email.aspx) .,https://www.immd.gov.hk/eng/services/right-of-abode-in-hksar.html | https://www.immd.gov.hk/eng/services/roa/term.html | https://www.immd.gov.hk/eng/index.html,,cuhk__apply_student_visa__action_url__0097_00; cuhk__apply_student_visa__action_url__0097_01; cuhk__apply_student_visa__action_url__0097_02; cuhk__apply_student_visa__deadline__0099_00; cuhk__apply_student_visa__deadline__0099_01; cuhk__apply_student_visa__action_instruction__0099_02; cuhk__apply_student_visa__deadline__0099_03; cuhk__apply_student_visa__action_instruction__0099_04; cuhk__apply_student_visa__action_url__0100_01; cuhk__apply_student_visa__action_url__0100_02; cuhk__apply_student_visa__action_instruction__0100_04; cuhk__apply_student_visa__deadline__0101_01,audited,23 keep; 2 review/missing,evidence_found,2026-06-30
cuhk-apply_accommodation,CUHK,housing,申请宿舍或安排校外住宿,查询学校住宿申请窗口、资格和优先级；如校内宿舍名额有限，同时准备校外租房备选方案。,计划到港就读，且尚未提交住宿申请或确定住所。,以学校住宿页面公布的 application period / hall application deadline 为准。,student ID / application number；入学证明；住宿申请表；可能需要的紧急联系人信息。,https://www.gs.cuhk.edu.hk/admissions/campus-support,medium,https://www.gs.cuhk.edu.hk/admissions/campus-support,2026-06-29,apply_accommodation,2,4,2,0,2,"action_instruction, action_url",,,Visit the Postgraduate Halls website (https://www.pgh.cuhk.edu.hk) or contact them directly at enquiry@pgh.cuhk.edu.hk for more information.,https://www.pgh.cuhk.edu.hk,,cuhk__apply_accommodation__action_url__0065_00; cuhk__apply_accommodation__action_instruction__0065_01,audited,2 keep; 2 reject,evidence_found,2026-06-30
cuhk-pay_tuition,CUHK,payment,核对并缴纳学费 / 其他费用,核对 programme tuition、缴费方式、分期安排和账单生成时间，按学校财务或学生系统要求付款。,学费账单或缴费通知已发布，且尚未完成付款。,以学校缴费页面、学生系统账单或学院邮件为准。,student ID；缴费通知；付款工具；付款凭证。,https://www.gs.cuhk.edu.hk/academics/preparation-for-new-academic-year,medium,https://www.gs.cuhk.edu.hk/academics/preparation-for-new-academic-year,2026-06-29,pay_tuition,4,16,4,7,5,"action_instruction, action_url, deadline",Students will receive a fee note via email about two weeks before the payment due date.,,"Students will receive a fee note via email about two weeks before the payment due date. | For details, please refer to Notes on Payment of Student Fees (https://www.fno.cuhk.edu.hk/student/student-fees/faq/)",https://www.fno.cuhk.edu.hk/student/student-fees/faq/,,cuhk__pay_tuition__action_url__0094_00; cuhk__pay_tuition__deadline__0094_01; cuhk__pay_tuition__action_instruction__0094_02; cuhk__pay_tuition__action_instruction__0094_03,audited,4 keep; 7 review/missing; 5 reject,evidence_found,2026-06-30
cuhk-complete_registration,CUHK,registration,完成线上注册 / 学籍激活,按学校注册指引激活学生账号、完成个人资料、上传证件或注册确认，并检查是否需要线下核验。,学校开放 registration / enrolment，且尚未完成。,以学校 registration guide、学生系统和邮件通知为准。,身份证明；旅行证件；证件照片；录取信息；学校要求上传的声明或表格。,https://www.gs.cuhk.edu.hk/registration/how-to-register,high,https://www.gs.cuhk.edu.hk/registration/how-to-register,2026-06-29,complete_registration,4,8,4,0,4,"action_url, deadline, required_document",Non-local students are required to complete online document verification before collecting their CU Link ( Learn more (https://www.gs.cuhk.edu.hk/registration/visa-documents-submission) ).,Non-local students are required to complete online document verification before collecting their CU Link ( Learn more (https://www.gs.cuhk.edu.hk/registration/visa-documents-submission) ).,,https://culink.cuhk.edu.hk/collection-of-cu-link-student-card-for-new-postgraduates2/ | https://www.gs.cuhk.edu.hk/registration/visa-documents-submission,,cuhk__complete_registration__action_url__0096_00; cuhk__complete_registration__action_url__0096_01; cuhk__complete_registration__deadline__0096_02; cuhk__complete_registration__required_document__0096_03,audited,4 keep; 4 reject,evidence_found,2026-06-30
cuhk-prepare_arrival_orientation,CUHK,orientation,准备入境与参加 orientation,整理入境文件、住宿安排、交通和报到材料，关注 orientation / induction 活动报名与时间表。,签证 / 进入许可获批后，或开学前学校发布 orientation 安排。,以学校 orientation 页面、学院邮件和入境日期安排为准。,旅行证件；签证 / 进入许可；录取证明；住宿地址；保险 / 现金 / 电话卡等到港准备材料。,https://www.gs.cuhk.edu.hk/academics/preparation-for-new-academic-year,medium,https://www.gs.cuhk.edu.hk/academics/preparation-for-new-academic-year,2026-06-29,prepare_arrival_orientation,0,0,0,0,0,,,,,,,,no_evidence,,no_evidence,2026-06-30
cityu-accept_offer,CityU,offer_acceptance,接受 offer 并确认入读意向,登录学校申请系统或 offer letter 指定入口，按要求接受录取。若页面要求同时确认条款、上传回执或选择入学批次，需要一并完成。,收到 offer 后，且尚未完成 official acceptance。,以 offer letter、申请系统或学院邮件显示的 acceptance deadline 为准。,offer letter；申请系统账号；学校要求的接受录取确认信息。,https://www.cityu.edu.hk/pg/taught-postgraduate-programmes,high,https://www.cityu.edu.hk/pg/taught-postgraduate-programmes,2026-06-29,accept_offer,2,7,2,1,4,action_instruction,,,"Admission offers, if any, may be made at different times and applicants can indicate their acceptance of an alternative offer by completing the required procedures. | Applications are reviewed based on the information submitted in the year of admission, without reference to any previous unsuccessful applications.",,,cityu__accept_offer__action_instruction__0034_01; cityu__accept_offer__action_instruction__0051_00,audited,2 keep; 1 review/missing; 4 reject,evidence_found,2026-06-30
cityu-pay_deposit,CityU,offer_acceptance,缴纳留位费 / admission deposit,按学校指定付款方式缴纳留位费，并保存付款成功页面、交易编号或银行凭证。,offer 条款或申请系统要求缴纳 deposit，且尚未完成付款。,通常与接受 offer 的截止日绑定；以 offer letter / portal 的金额与截止时间为准。,银行卡或汇款信息；付款凭证；application number / student ID。,https://www.cityu.edu.hk/pg/taught-postgraduate-programmes,high,https://www.cityu.edu.hk/pg/taught-postgraduate-programmes,2026-06-29,pay_deposit,0,0,0,0,0,,,,,,,,no_evidence,,no_evidence,2026-06-30
cityu-submit_conditions,CityU,offer_acceptance,补交 conditional offer 材料,核对 conditional offer 中尚未满足的条件，提交最终成绩单、毕业证、学位证、语言成绩或官方认证文件。,offer 为 conditional，且仍有 pending condition。,以 conditional offer、学院邮件或学校系统内的 document deadline 为准。,最终成绩单；毕业证 / 学位证；语言成绩；官方认证件；学校额外要求文件。,https://www.cityu.edu.hk/pg/taught-postgraduate-programmes,high,https://www.cityu.edu.hk/pg/taught-postgraduate-programmes,2026-06-29,submit_conditions,7,39,7,1,31,"action_instruction, deadline, required_document",Transferred credit units must have been earned no earlier than eight years before enrolment at the University. | Applicants with a conditional offer are required to provide the official documentation certifying fulfilment of condition(s) before the deadline indicated in the offer letter.,"Applicants with a conditional offer are required to provide the official documentation certifying fulfilment of condition(s) before the deadline indicated in the offer letter. | If you have submitted the required documents and are considered as having fulfilled ALL the conditions set out in the offer letter, your online application status will be marked as 'Condition Met' under 'Meeting Offer Condition(s)', but your application result will NOT be changed from 'Conditional Offer' to 'Firm Offer'. | If you fail to provide the required documents, your admission offer will be withdrawn and any enrolment made in the programme will also be rescinded.","Can I apply for programmes offered in 'combined mode'? (applicable to non-local applicants) Non-local applicants will be admitted to these programmes for either full-time or part-time studies. | If you have submitted the required documents and are considered as having fulfilled ALL the conditions set out in the offer letter, your online application status will be marked as 'Condition Met' under 'Meeting Offer Condition(s)', but your application result will NOT be changed from 'Conditional Offer' to 'Firm Offer'.",,,cityu__submit_conditions__deadline__0010_01; cityu__submit_conditions__action_instruction__0012_00; cityu__submit_conditions__deadline__0048_00; cityu__submit_conditions__required_document__0048_01; cityu__submit_conditions__required_document__0048_02; cityu__submit_conditions__action_instruction__0048_03; cityu__submit_conditions__required_document__0048_04,audited,7 keep; 1 review/missing; 31 reject,evidence_found,2026-06-30
cityu-apply_student_visa,CityU,visa,申请学生签证 / 进入许可,内地学生通常需要通过学校申请 entry permit / student visa。尽早准备表格、身份证明、录取证明和资金材料，等待学校或入境处处理。,决定入读且尚未递交学生签证 / 进入许可申请。,以学校签证页面、邮件及香港入境事务处处理周期为准；不要等到临近开学才递交。,签证 / 进入许可申请表；旅行证件；录取证明；财力证明；照片；学校要求的其他文件。,https://www.cityu.edu.hk/geo/non-local-students/visa,high,https://www.cityu.edu.hk/geo/non-local-students/visa,2026-06-29,apply_student_visa,9,15,9,3,3,"action_instruction, action_url, deadline, required_document","If you have wrongly identified yourself as a local or non-local applicant, you should notify the Chow Yei Ching School of Graduate Studies in writing as soon as possible. | It will take 7 working days to update your status in our application system.",The definitions of non-local applicants and local applicants are set out below (with effect from Semester A 2019/20 entry): Non-local Applicants Persons holding the following documents issued by Immigration Department (IMMD) of the HKSAR are classified as non-local applicants: Student visa / entry permit; or Visa / entry permit under the Immigration Arran... | Local Applicants Persons holding any of the following documents issued by Immigration Department (IMMD) of the HKSAR are classified as local applicants: Hong Kong Identity Card (Permanent) Documents issued by IMMD showing right to land / right of abode in Hong Kong One-way permit for entry to Hong Kong Full-time employment visa / work permit (for part-tim...,The definitions of non-local applicants and local applicants are set out below (with effect from Semester A 2019/20 entry): Non-local Applicants Persons holding the following documents issued by Immigration Department (IMMD) of the HKSAR are classified as non-local applicants: Student visa / entry permit; or Visa / entry permit under the Immigration Arran... | You may login your application account for checking. | I received an offer of admission from the University and started to submit my application for a student visa.,http://www.cityu.edu.hk/admo/non-local-students/visa/student-visa,,cityu__apply_student_visa__required_document__0013_01; cityu__apply_student_visa__action_instruction__0013_02; cityu__apply_student_visa__required_document__0013_04; cityu__apply_student_visa__deadline__0014_00; cityu__apply_student_visa__deadline__0014_01; cityu__apply_student_visa__action_instruction__0014_02; cityu__apply_student_visa__action_url__0056_00; cityu__apply_student_visa__action_instruction__0056_04; cityu__apply_student_visa__action_instruction__0056_05,audited,9 keep; 3 review/missing; 3 reject,evidence_found,2026-06-30
cityu-apply_accommodation,CityU,housing,申请宿舍或安排校外住宿,查询学校住宿申请窗口、资格和优先级；如校内宿舍名额有限，同时准备校外租房备选方案。,计划到港就读，且尚未提交住宿申请或确定住所。,以学校住宿页面公布的 application period / hall application deadline 为准。,student ID / application number；入学证明；住宿申请表；可能需要的紧急联系人信息。,https://www.cityu.edu.hk/sro/StudentHousing/PGHalls/MDS/,medium,https://www.cityu.edu.hk/sro/StudentHousing/PGHalls/MDS/,2026-06-29,apply_accommodation,1,5,1,2,2,action_instruction,,,Student Accommodation Please visit our Student Residence Office (SRO) websites on Master’s degree students and/or Off-campus Accommodation for the latest information.,,,cityu__apply_accommodation__action_instruction__0057_03,audited,1 keep; 2 review/missing; 2 reject,evidence_found,2026-06-30
cityu-pay_tuition,CityU,payment,核对并缴纳学费 / 其他费用,核对 programme tuition、缴费方式、分期安排和账单生成时间，按学校财务或学生系统要求付款。,学费账单或缴费通知已发布，且尚未完成付款。,以学校缴费页面、学生系统账单或学院邮件为准。,student ID；缴费通知；付款工具；付款凭证。,https://www.cityu.edu.hk/pg/taught-postgraduate-programmes,medium,https://www.cityu.edu.hk/pg/taught-postgraduate-programmes,2026-06-29,pay_tuition,1,8,1,4,3,action_instruction,,,E - Fees / Payment,,,cityu__pay_tuition__action_instruction__0022_02,audited,1 keep; 4 review/missing; 3 reject,evidence_found,2026-06-30
cityu-complete_registration,CityU,registration,完成线上注册 / 学籍激活,按学校注册指引激活学生账号、完成个人资料、上传证件或注册确认，并检查是否需要线下核验。,学校开放 registration / enrolment，且尚未完成。,以学校 registration guide、学生系统和邮件通知为准。,身份证明；旅行证件；证件照片；录取信息；学校要求上传的声明或表格。,https://www.cityu.edu.hk/arro/,high,https://www.cityu.edu.hk/arro/,2026-06-29,complete_registration,0,0,0,0,0,,,,,,,,no_evidence,,no_evidence,2026-06-30
cityu-prepare_arrival_orientation,CityU,orientation,准备入境与参加 orientation,整理入境文件、住宿安排、交通和报到材料，关注 orientation / induction 活动报名与时间表。,签证 / 进入许可获批后，或开学前学校发布 orientation 安排。,以学校 orientation 页面、学院邮件和入境日期安排为准。,旅行证件；签证 / 进入许可；录取证明；住宿地址；保险 / 现金 / 电话卡等到港准备材料。,https://www.cityu.edu.hk/geo/non-local-students,medium,https://www.cityu.edu.hk/geo/non-local-students,2026-06-29,prepare_arrival_orientation,0,0,0,0,0,,,,,,,,no_evidence,,no_evidence,2026-06-30
eduhk-accept_offer,EdUHK,offer_acceptance,接受 offer 并确认入读意向,登录学校申请系统或 offer letter 指定入口，按要求接受录取。若页面要求同时确认条款、上传回执或选择入学批次，需要一并完成。,收到 offer 后，且尚未完成 official acceptance。,以 offer letter、申请系统或学院邮件显示的 acceptance deadline 为准。,offer letter；申请系统账号；学校要求的接受录取确认信息。,https://gs.eduhk.hk/prospective/after-getting-an-offer/,high,https://gs.eduhk.hk/prospective/after-getting-an-offer/,2026-06-29,accept_offer,0,0,0,0,0,,,,,,,,no_evidence,,no_evidence,2026-06-30
eduhk-pay_deposit,EdUHK,offer_acceptance,缴纳留位费 / admission deposit,按学校指定付款方式缴纳留位费，并保存付款成功页面、交易编号或银行凭证。,offer 条款或申请系统要求缴纳 deposit，且尚未完成付款。,通常与接受 offer 的截止日绑定；以 offer letter / portal 的金额与截止时间为准。,银行卡或汇款信息；付款凭证；application number / student ID。,https://gs.eduhk.hk/prospective/after-getting-an-offer/,high,https://gs.eduhk.hk/prospective/after-getting-an-offer/,2026-06-29,pay_deposit,0,0,0,0,0,,,,,,,,no_evidence,,no_evidence,2026-06-30
eduhk-submit_conditions,EdUHK,offer_acceptance,补交 conditional offer 材料,核对 conditional offer 中尚未满足的条件，提交最终成绩单、毕业证、学位证、语言成绩或官方认证文件。,offer 为 conditional，且仍有 pending condition。,以 conditional offer、学院邮件或学校系统内的 document deadline 为准。,最终成绩单；毕业证 / 学位证；语言成绩；官方认证件；学校额外要求文件。,https://gs.eduhk.hk/prospective/after-getting-an-offer/,high,https://gs.eduhk.hk/prospective/after-getting-an-offer/,2026-06-29,submit_conditions,0,0,0,0,0,,,,,,,,no_evidence,,no_evidence,2026-06-30
eduhk-apply_student_visa,EdUHK,visa,申请学生签证 / 进入许可,内地学生通常需要通过学校申请 entry permit / student visa。尽早准备表格、身份证明、录取证明和资金材料，等待学校或入境处处理。,决定入读且尚未递交学生签证 / 进入许可申请。,以学校签证页面、邮件及香港入境事务处处理周期为准；不要等到临近开学才递交。,签证 / 进入许可申请表；旅行证件；录取证明；财力证明；照片；学校要求的其他文件。,https://gs.eduhk.hk/prospective/information-for-non-local-student/,high,https://gs.eduhk.hk/prospective/information-for-non-local-student/,2026-06-29,apply_student_visa,0,0,0,0,0,,,,,,,,no_evidence,,no_evidence,2026-06-30
eduhk-apply_accommodation,EdUHK,housing,申请宿舍或安排校外住宿,查询学校住宿申请窗口、资格和优先级；如校内宿舍名额有限，同时准备校外租房备选方案。,计划到港就读，且尚未提交住宿申请或确定住所。,以学校住宿页面公布的 application period / hall application deadline 为准。,student ID / application number；入学证明；住宿申请表；可能需要的紧急联系人信息。,https://gs.eduhk.hk/prospective/information-for-non-local-student/,medium,https://gs.eduhk.hk/prospective/information-for-non-local-student/,2026-06-29,apply_accommodation,0,0,0,0,0,,,,,,,,no_evidence,,no_evidence,2026-06-30
eduhk-pay_tuition,EdUHK,payment,核对并缴纳学费 / 其他费用,核对 programme tuition、缴费方式、分期安排和账单生成时间，按学校财务或学生系统要求付款。,学费账单或缴费通知已发布，且尚未完成付款。,以学校缴费页面、学生系统账单或学院邮件为准。,student ID；缴费通知；付款工具；付款凭证。,https://gs.eduhk.hk/pg-programmes-2026/application-admission.html,medium,https://gs.eduhk.hk/pg-programmes-2026/application-admission.html,2026-06-29,pay_tuition,0,0,0,0,0,,,,,,,,no_evidence,,no_evidence,2026-06-30
eduhk-complete_registration,EdUHK,registration,完成线上注册 / 学籍激活,按学校注册指引激活学生账号、完成个人资料、上传证件或注册确认，并检查是否需要线下核验。,学校开放 registration / enrolment，且尚未完成。,以学校 registration guide、学生系统和邮件通知为准。,身份证明；旅行证件；证件照片；录取信息；学校要求上传的声明或表格。,https://gs.eduhk.hk/prospective/after-getting-an-offer/,high,https://gs.eduhk.hk/prospective/after-getting-an-offer/,2026-06-29,complete_registration,0,0,0,0,0,,,,,,,,no_evidence,,no_evidence,2026-06-30
eduhk-prepare_arrival_orientation,EdUHK,orientation,准备入境与参加 orientation,整理入境文件、住宿安排、交通和报到材料，关注 orientation / induction 活动报名与时间表。,签证 / 进入许可获批后，或开学前学校发布 orientation 安排。,以学校 orientation 页面、学院邮件和入境日期安排为准。,旅行证件；签证 / 进入许可；录取证明；住宿地址；保险 / 现金 / 电话卡等到港准备材料。,https://gs.eduhk.hk/current/student-support/,medium,https://gs.eduhk.hk/current/student-support/,2026-06-29,prepare_arrival_orientation,0,0,0,0,0,,,,,,,,no_evidence,,no_evidence,2026-06-30
hkbu-accept_offer,HKBU,offer_acceptance,接受 offer 并确认入读意向,登录学校申请系统或 offer letter 指定入口，按要求接受录取。若页面要求同时确认条款、上传回执或选择入学批次，需要一并完成。,收到 offer 后，且尚未完成 official acceptance。,以 offer letter、申请系统或学院邮件显示的 acceptance deadline 为准。,offer letter；申请系统账号；学校要求的接受录取确认信息。,https://ar.hkbu.edu.hk/tpg-studies/prospective-student/how-to-apply/5-after-accepting-an-offer-important-information,high,https://ar.hkbu.edu.hk/tpg-studies/prospective-student/how-to-apply/5-after-accepting-an-offer-important-information,2026-06-29,accept_offer,4,4,4,0,0,"action_instruction, action_url",,,The Admission Offer Letter will be uploaded to the Online Application System (https://iss.hkbu.edu.hk/amsappl_pg/welcome.jsf) (Application Details --> Application Status). | Please download it from the system and print it out for reference (see Screen below). | Only soft copy is provided. [Click to Enlarge],https://iss.hkbu.edu.hk/amsappl_pg/welcome.jsf,,hkbu__accept_offer__action_url__0111_00; hkbu__accept_offer__action_instruction__0111_01; hkbu__accept_offer__action_instruction__0111_02; hkbu__accept_offer__action_instruction__0111_03,audited,4 keep,evidence_found,2026-06-30
hkbu-pay_deposit,HKBU,offer_acceptance,缴纳留位费 / admission deposit,按学校指定付款方式缴纳留位费，并保存付款成功页面、交易编号或银行凭证。,offer 条款或申请系统要求缴纳 deposit，且尚未完成付款。,通常与接受 offer 的截止日绑定；以 offer letter / portal 的金额与截止时间为准。,银行卡或汇款信息；付款凭证；application number / student ID。,https://ar.hkbu.edu.hk/tpg-studies/prospective-student/how-to-apply/5-after-accepting-an-offer-important-information,high,https://ar.hkbu.edu.hk/tpg-studies/prospective-student/how-to-apply/5-after-accepting-an-offer-important-information,2026-06-29,pay_deposit,0,8,0,7,1,,,,,,,,audited,7 review/missing; 1 reject,evidence_needs_review,2026-06-30
hkbu-submit_conditions,HKBU,offer_acceptance,补交 conditional offer 材料,核对 conditional offer 中尚未满足的条件，提交最终成绩单、毕业证、学位证、语言成绩或官方认证文件。,offer 为 conditional，且仍有 pending condition。,以 conditional offer、学院邮件或学校系统内的 document deadline 为准。,最终成绩单；毕业证 / 学位证；语言成绩；官方认证件；学校额外要求文件。,https://ar.hkbu.edu.hk/tpg-studies/prospective-student/how-to-apply/5-after-accepting-an-offer-important-information,high,https://ar.hkbu.edu.hk/tpg-studies/prospective-student/how-to-apply/5-after-accepting-an-offer-important-information,2026-06-29,submit_conditions,23,30,23,3,4,"action_instruction, action_url, deadline, fee_amount, required_document","Please refer to the Offer Condition(s) as listed on Online Application System (https://iss.hkbu.edu.hk/amsappl_pg/welcome.jsf) (Application Details -> Offer Condition) and complete the Actions for fulfilment of offer condition(s) by the deadline(s) as shown. | If you fail to achieve the required degree award and/or obtain the required English test score and/or other test score by the due date(s) as specified in the offer conditions (OAS -> Application Details -> Offer Condition), please write to the Taught Postgraduate Studies Section at hkbu_tpg@hkbu.edu.hk and attach relevant and sufficient documentary proof... | To allow sufficient time for validation of your academic qualification(s), please arrange the official transcript(s) to be sent to the Taught Postgraduate Studies Section as soon as possible.","If you fail to achieve the required degree award and/or obtain the required English test score and/or other test score by the due date(s) as specified in the offer conditions (OAS -> Application Details -> Offer Condition), please write to the Taught Postgraduate Studies Section at hkbu_tpg@hkbu.edu.hk and attach relevant and sufficient documentary proof... | An official transcript is a certified statement of your academic record which lists all the courses and grades that you achieved during your undergraduate and/or postgraduate studies. | The official transcript is issued by the institution of your awarded degree.","Once the Actions for fulfilment of offer condition(s) has been completed and checked by the university, the Fulfilled column will be updated as ""Yes"". | It normally takes about one month for the University to check and update the status. | If there is any issue, you will be contacted by email. [Click to Enlarge]",https://iss.hkbu.edu.hk/amsappl_pg/welcome.jsf,"HK$5,000",hkbu__submit_conditions__action_url__0112_00; hkbu__submit_conditions__deadline__0112_01; hkbu__submit_conditions__action_instruction__0112_03; hkbu__submit_conditions__action_instruction__0112_04; hkbu__submit_conditions__action_instruction__0112_06; hkbu__submit_conditions__fee_amount__0113_00; hkbu__submit_conditions__deadline__0113_01; hkbu__submit_conditions__required_document__0113_02; hkbu__submit_conditions__required_document__0114_01; hkbu__submit_conditions__required_document__0114_03; hkbu__submit_conditions__deadline__0115_00; hkbu__submit_conditions__required_document__0115_01,audited,23 keep; 3 review/missing; 4 reject,evidence_found,2026-06-30
hkbu-apply_student_visa,HKBU,visa,申请学生签证 / 进入许可,内地学生通常需要通过学校申请 entry permit / student visa。尽早准备表格、身份证明、录取证明和资金材料，等待学校或入境处处理。,决定入读且尚未递交学生签证 / 进入许可申请。,以学校签证页面、邮件及香港入境事务处处理周期为准；不要等到临近开学才递交。,签证 / 进入许可申请表；旅行证件；录取证明；财力证明；照片；学校要求的其他文件。,https://ar.hkbu.edu.hk/tpg-studies/prospective-student/how-to-apply/5-after-accepting-an-offer-student-visa-application,high,https://ar.hkbu.edu.hk/tpg-studies/prospective-student/how-to-apply/5-after-accepting-an-offer-student-visa-application,2026-06-29,apply_student_visa,30,33,30,3,0,"action_instruction, action_url, deadline, required_document",Please wait for this email before action. | You may upload a copy of the degree certificate to the University Student Visa Application System (https://gs-visa.hkbu.edu.hk/) by the due date specified on the Admission Offer Letter.,"Students may be required to provide the documentary proof of their eligibility to stay and study in Hong Kong when necessary. | To better prepare for your student visa application, please carefully read through the application flow chart (https://ar.hkbu.edu.hk/f/upload/5260/visa_flow_tpg.jpg) and check the documents required (https://ar.hkbu.edu.hk/tpg-studies/faq/tpg-studies/prospective-student/apply-for-student-visa) | You may upload a copy of the degree certificate to the University Student Visa Application System (https://gs-visa.hkbu.edu.hk/) by the due date specified on the Admission Offer Letter.","Please refer to your Admission Offer Letter (see Screen below) to check whether you are required to apply for a student visa. [Click to Enlarge] | Please refer to your Admission Offer Letter to check whether you are required to apply for a student visa (please refer to Q10 above). | To better prepare for your student visa application, please carefully read through the application flow chart (https://ar.hkbu.edu.hk/f/upload/5260/visa_flow_tpg.jpg) and check the documents required (https://ar.hkbu.edu.hk/tpg-studies/faq/tpg-studies/prospective-student/apply-for-student-visa)",https://gs-visa.hkbu.edu.hk/ | https://ar.hkbu.edu.hk/f/upload/5260/visa_flow_tpg.jpg | https://ar.hkbu.edu.hk/tpg-studies/faq/tpg-studies/prospective-student/apply-for-student-visa,,hkbu__apply_student_visa__action_instruction__0120_00; hkbu__apply_student_visa__action_instruction__0121_00; hkbu__apply_student_visa__required_document__0121_01; hkbu__apply_student_visa__action_url__0122_00; hkbu__apply_student_visa__action_url__0122_01; hkbu__apply_student_visa__action_url__0122_02; hkbu__apply_student_visa__deadline__0122_03; hkbu__apply_student_visa__required_document__0122_04; hkbu__apply_student_visa__action_instruction__0122_05; hkbu__apply_student_visa__action_instruction__0123_01; hkbu__apply_student_visa__deadline__0123_02; hkbu__apply_student_visa__required_document__0123_03,audited,30 keep; 3 review/missing,evidence_found,2026-06-30
hkbu-apply_accommodation,HKBU,housing,申请宿舍或安排校外住宿,查询学校住宿申请窗口、资格和优先级；如校内宿舍名额有限，同时准备校外租房备选方案。,计划到港就读，且尚未提交住宿申请或确定住所。,以学校住宿页面公布的 application period / hall application deadline 为准。,student ID / application number；入学证明；住宿申请表；可能需要的紧急联系人信息。,https://sa.hkbu.edu.hk/en/accm/on-campus-accommodation/apply-for-pg-accommodation/non-local-taught-postgraduate-students.html,medium,https://sa.hkbu.edu.hk/en/accm/on-campus-accommodation/apply-for-pg-accommodation/non-local-taught-postgraduate-students.html,2026-06-29,apply_accommodation,2,2,2,0,0,"action_instruction, action_url",,,"For information on accommodation, please visit the website of the Office of Student Affairs (http://sa.hkbu.edu.hk/sas/)",http://sa.hkbu.edu.hk/sas/,,hkbu__apply_accommodation__action_url__0133_00; hkbu__apply_accommodation__action_instruction__0133_01,audited,2 keep,evidence_found,2026-06-30
hkbu-pay_tuition,HKBU,payment,核对并缴纳学费 / 其他费用,核对 programme tuition、缴费方式、分期安排和账单生成时间，按学校财务或学生系统要求付款。,学费账单或缴费通知已发布，且尚未完成付款。,以学校缴费页面、学生系统账单或学院邮件为准。,student ID；缴费通知；付款工具；付款凭证。,https://ar.hkbu.edu.hk/tpg-studies/current-students/academic-requirements/tuition-fees,medium,https://ar.hkbu.edu.hk/tpg-studies/current-students/academic-requirements/tuition-fees,2026-06-29,pay_tuition,2,7,2,2,3,"action_instruction, required_document",,You will receive an invitation email for activating the account at the University Student Card Photo Upload System (https://arphoto.hkbu.edu.hk/) about one week after you have settled the admission confirmation fee.,You will receive an invitation email for activating the account at the University Student Card Photo Upload System (https://arphoto.hkbu.edu.hk/) about one week after you have settled the admission confirmation fee.,,,hkbu__pay_tuition__required_document__0130_02; hkbu__pay_tuition__action_instruction__0130_03,audited,2 keep; 2 review/missing; 3 reject,evidence_found,2026-06-30
hkbu-complete_registration,HKBU,registration,完成线上注册 / 学籍激活,按学校注册指引激活学生账号、完成个人资料、上传证件或注册确认，并检查是否需要线下核验。,学校开放 registration / enrolment，且尚未完成。,以学校 registration guide、学生系统和邮件通知为准。,身份证明；旅行证件；证件照片；录取信息；学校要求上传的声明或表格。,https://ar.hkbu.edu.hk/tpg-studies/prospective-student/how-to-apply/5-after-accepting-an-offer-registration-for-newly-admitted-students,high,https://ar.hkbu.edu.hk/tpg-studies/prospective-student/how-to-apply/5-after-accepting-an-offer-registration-for-newly-admitted-students,2026-06-29,complete_registration,0,9,0,0,9,,,,,,,,audited,9 reject,evidence_needs_review,2026-06-30
hkbu-prepare_arrival_orientation,HKBU,orientation,准备入境与参加 orientation,整理入境文件、住宿安排、交通和报到材料，关注 orientation / induction 活动报名与时间表。,签证 / 进入许可获批后，或开学前学校发布 orientation 安排。,以学校 orientation 页面、学院邮件和入境日期安排为准。,旅行证件；签证 / 进入许可；录取证明；住宿地址；保险 / 现金 / 电话卡等到港准备材料。,https://ar.hkbu.edu.hk/tpg-studies/current-students/orientation-information,medium,https://ar.hkbu.edu.hk/tpg-studies/current-students/orientation-information,2026-06-29,prepare_arrival_orientation,0,0,0,0,0,,,,,,,,no_evidence,,no_evidence,2026-06-30
hku-accept_offer,HKU,offer_acceptance,接受 offer 并确认入读意向,登录学校申请系统或 offer letter 指定入口，按要求接受录取。若页面要求同时确认条款、上传回执或选择入学批次，需要一并完成。,收到 offer 后，且尚未完成 official acceptance。,以 offer letter、申请系统或学院邮件显示的 acceptance deadline 为准。,offer letter；申请系统账号；学校要求的接受录取确认信息。,https://admissions.hku.hk/tpg/,high,https://admissions.hku.hk/tpg/,2026-06-29,accept_offer,0,0,0,0,0,,,,,,,,no_evidence,,no_evidence,2026-06-30
hku-pay_deposit,HKU,offer_acceptance,缴纳留位费 / admission deposit,按学校指定付款方式缴纳留位费，并保存付款成功页面、交易编号或银行凭证。,offer 条款或申请系统要求缴纳 deposit，且尚未完成付款。,通常与接受 offer 的截止日绑定；以 offer letter / portal 的金额与截止时间为准。,银行卡或汇款信息；付款凭证；application number / student ID。,https://admissions.hku.hk/tpg/,high,https://admissions.hku.hk/tpg/,2026-06-29,pay_deposit,0,2,0,1,1,,,,,,,,audited,1 review/missing; 1 reject,evidence_needs_review,2026-06-30
hku-submit_conditions,HKU,offer_acceptance,补交 conditional offer 材料,核对 conditional offer 中尚未满足的条件，提交最终成绩单、毕业证、学位证、语言成绩或官方认证文件。,offer 为 conditional，且仍有 pending condition。,以 conditional offer、学院邮件或学校系统内的 document deadline 为准。,最终成绩单；毕业证 / 学位证；语言成绩；官方认证件；学校额外要求文件。,https://admissions.hku.hk/tpg/,high,https://admissions.hku.hk/tpg/,2026-06-29,submit_conditions,0,13,0,0,13,,,,,,,,audited,13 reject,evidence_needs_review,2026-06-30
hku-apply_student_visa,HKU,visa,申请学生签证 / 进入许可,内地学生通常需要通过学校申请 entry permit / student visa。尽早准备表格、身份证明、录取证明和资金材料，等待学校或入境处处理。,决定入读且尚未递交学生签证 / 进入许可申请。,以学校签证页面、邮件及香港入境事务处处理周期为准；不要等到临近开学才递交。,签证 / 进入许可申请表；旅行证件；录取证明；财力证明；照片；学校要求的其他文件。,https://studentvisa.hku.hk/,high,https://studentvisa.hku.hk/,2026-06-29,apply_student_visa,1,2,1,1,0,deadline,Please note that the processing time for student visa applications is approximately 10-12 weeks.,,,,,hku__apply_student_visa__deadline__0166_00,audited,1 keep; 1 review/missing,evidence_found,2026-06-30
hku-apply_accommodation,HKU,housing,申请宿舍或安排校外住宿,查询学校住宿申请窗口、资格和优先级；如校内宿舍名额有限，同时准备校外租房备选方案。,计划到港就读，且尚未提交住宿申请或确定住所。,以学校住宿页面公布的 application period / hall application deadline 为准。,student ID / application number；入学证明；住宿申请表；可能需要的紧急联系人信息。,https://housing.cedars.hku.hk/,medium,https://housing.cedars.hku.hk/,2026-06-29,apply_accommodation,1,1,1,0,0,action_instruction,,,"To learn more about eligibility for University housing, please visit the CEDARS website for details and to access the online application.",,,hku__apply_accommodation__action_instruction__0168_00,audited,1 keep,evidence_found,2026-06-30
hku-pay_tuition,HKU,payment,核对并缴纳学费 / 其他费用,核对 programme tuition、缴费方式、分期安排和账单生成时间，按学校财务或学生系统要求付款。,学费账单或缴费通知已发布，且尚未完成付款。,以学校缴费页面、学生系统账单或学院邮件为准。,student ID；缴费通知；付款工具；付款凭证。,https://admissions.hku.hk/tpg/,medium,https://admissions.hku.hk/tpg/,2026-06-29,pay_tuition,0,2,0,0,2,,,,,,,,audited,2 reject,evidence_needs_review,2026-06-30
hku-complete_registration,HKU,registration,完成线上注册 / 学籍激活,按学校注册指引激活学生账号、完成个人资料、上传证件或注册确认，并检查是否需要线下核验。,学校开放 registration / enrolment，且尚未完成。,以学校 registration guide、学生系统和邮件通知为准。,身份证明；旅行证件；证件照片；录取信息；学校要求上传的声明或表格。,https://ase.hku.hk/mr/mr_guide.pdf,high,https://ase.hku.hk/mr/mr_guide.pdf,2026-06-29,complete_registration,0,0,0,0,0,,,,,,,,no_evidence,,no_evidence,2026-06-30
hku-prepare_arrival_orientation,HKU,orientation,准备入境与参加 orientation,整理入境文件、住宿安排、交通和报到材料，关注 orientation / induction 活动报名与时间表。,签证 / 进入许可获批后，或开学前学校发布 orientation 安排。,以学校 orientation 页面、学院邮件和入境日期安排为准。,旅行证件；签证 / 进入许可；录取证明；住宿地址；保险 / 现金 / 电话卡等到港准备材料。,https://www.cedars.hku.hk/non-local/orientationdaypg,medium,https://www.cedars.hku.hk/non-local/orientationdaypg,2026-06-29,prepare_arrival_orientation,0,0,0,0,0,,,,,,,,no_evidence,,no_evidence,2026-06-30
hkust-accept_offer,HKUST,offer_acceptance,接受 offer 并确认入读意向,登录学校申请系统或 offer letter 指定入口，按要求接受录取。若页面要求同时确认条款、上传回执或选择入学批次，需要一并完成。,收到 offer 后，且尚未完成 official acceptance。,以 offer letter、申请系统或学院邮件显示的 acceptance deadline 为准。,offer letter；申请系统账号；学校要求的接受录取确认信息。,https://fytgs.hkust.edu.hk/admissions/Admission-to-Hong-Kong-Campus/after-getting-an-offer/accepting-offer,high,https://fytgs.hkust.edu.hk/admissions/Admission-to-Hong-Kong-Campus/after-getting-an-offer/accepting-offer,2026-06-29,accept_offer,0,0,0,0,0,,,,,,,,no_evidence,,no_evidence,2026-06-30
hkust-pay_deposit,HKUST,offer_acceptance,缴纳留位费 / admission deposit,按学校指定付款方式缴纳留位费，并保存付款成功页面、交易编号或银行凭证。,offer 条款或申请系统要求缴纳 deposit，且尚未完成付款。,通常与接受 offer 的截止日绑定；以 offer letter / portal 的金额与截止时间为准。,银行卡或汇款信息；付款凭证；application number / student ID。,https://fytgs.hkust.edu.hk/admissions/Admission-to-Hong-Kong-Campus/after-getting-an-offer/accepting-offer,high,https://fytgs.hkust.edu.hk/admissions/Admission-to-Hong-Kong-Campus/after-getting-an-offer/accepting-offer,2026-06-29,pay_deposit,5,7,5,0,2,"action_instruction, deadline",Please upload the payment proof by the deadline.,,"Pay the deposit to confirm your acceptance. | If you are a current/ previous student at the University, make sure you have settled all outstanding payment from your studies in order to proceed to new program registration. | Deposit payment instructions will be available after you click “Accept Offer and Pay” in the Online Admission System.",,,hkust__pay_deposit__action_instruction__0169_02; hkust__pay_deposit__action_instruction__0169_03; hkust__pay_deposit__action_instruction__0171_00; hkust__pay_deposit__deadline__0171_01; hkust__pay_deposit__action_instruction__0171_02,audited,5 keep; 2 reject,evidence_found,2026-06-30
hkust-submit_conditions,HKUST,offer_acceptance,补交 conditional offer 材料,核对 conditional offer 中尚未满足的条件，提交最终成绩单、毕业证、学位证、语言成绩或官方认证文件。,offer 为 conditional，且仍有 pending condition。,以 conditional offer、学院邮件或学校系统内的 document deadline 为准。,最终成绩单；毕业证 / 学位证；语言成绩；官方认证件；学校额外要求文件。,https://fytgs.hkust.edu.hk/admissions/Admission-to-Hong-Kong-Campus/after-getting-an-offer/accepting-offer,high,https://fytgs.hkust.edu.hk/admissions/Admission-to-Hong-Kong-Campus/after-getting-an-offer/accepting-offer,2026-06-29,submit_conditions,10,36,10,2,24,"action_instruction, deadline, required_document","Submit relevant documents as proof as early as possible and no later than mid-July for Fall admission, or end December for Spring admission. | Refer to Document Requirements for details and tips as below: Arrange official documents to be sent before the deadline stipulated in the offer letter/ Document Checklist. | Please refer to the FYTGS website for detailed guidelines on submitting official documents before program registration.","Submit relevant documents as proof as early as possible and no later than mid-July for Fall admission, or end December for Spring admission. | Refer to Document Requirements for details and tips as below: Arrange official documents to be sent before the deadline stipulated in the offer letter/ Document Checklist. | The University may accept the following as official certified true copies only in cases where the originals of the official documents required to confirm the admission offer cannot be obtained despite all reasonable efforts or provided: (1) Copies officially imprinted, signed and certified by the issuing authority concerned, or (2) Copies that have been c...","Submit relevant documents as proof as early as possible and no later than mid-July for Fall admission, or end December for Spring admission. | Refer to Document Requirements for details and tips as below: Arrange official documents to be sent before the deadline stipulated in the offer letter/ Document Checklist. | Hard copies of the official documents are generally not accepted.",,,hkust__submit_conditions__deadline__0170_00; hkust__submit_conditions__required_document__0170_01; hkust__submit_conditions__action_instruction__0170_02; hkust__submit_conditions__deadline__0172_02; hkust__submit_conditions__required_document__0172_03; hkust__submit_conditions__action_instruction__0172_04; hkust__submit_conditions__required_document__0173_01; hkust__submit_conditions__deadline__0173_07; hkust__submit_conditions__required_document__0177_05; hkust__submit_conditions__action_instruction__0177_06,audited,10 keep; 2 review/missing; 24 reject,evidence_found,2026-06-30
hkust-apply_student_visa,HKUST,visa,申请学生签证 / 进入许可,内地学生通常需要通过学校申请 entry permit / student visa。尽早准备表格、身份证明、录取证明和资金材料，等待学校或入境处处理。,决定入读且尚未递交学生签证 / 进入许可申请。,以学校签证页面、邮件及香港入境事务处处理周期为准；不要等到临近开学才递交。,签证 / 进入许可申请表；旅行证件；录取证明；财力证明；照片；学校要求的其他文件。,https://fytgs.hkust.edu.hk/admissions/Admission-to-Hong-Kong-Campus/after-getting-an-offer/applying-student-visa,high,https://fytgs.hkust.edu.hk/admissions/Admission-to-Hong-Kong-Campus/after-getting-an-offer/applying-student-visa,2026-06-29,apply_student_visa,30,36,30,4,2,"action_instruction, deadline, required_document","Send us the required paper documents as soon as possible. | Approved visa/ entry permit must be activated on or before the specified date on the e-Visa. | Application period: Fall admission: March or soonest possible Spring admission: mid-October or soonest possible For exchange program, PG visiting student program and visiting internship: apply right after you have accepted the admission offer For DBA, EMBA, MBA, HKUST-NYU MSc in Global Finance: respective program offices will advise you of the details sep...",Send us the required paper documents as soon as possible. | Please refer to the Checklist of Documents Required for Visa/ Entry Permit Application for details. | Please refer to the Checklist of Documents Required for Visa/ Entry Permit Application.,Send us the required paper documents as soon as possible. | Please refer to the Checklist of Documents Required for Visa/ Entry Permit Application for details. | You can check your application status in the Visa System.,,,hkust__apply_student_visa__deadline__0179_00; hkust__apply_student_visa__required_document__0179_01; hkust__apply_student_visa__action_instruction__0179_02; hkust__apply_student_visa__required_document__0179_03; hkust__apply_student_visa__action_instruction__0179_04; hkust__apply_student_visa__action_instruction__0179_05; hkust__apply_student_visa__action_instruction__0180_01; hkust__apply_student_visa__deadline__0180_02; hkust__apply_student_visa__action_instruction__0181_00; hkust__apply_student_visa__action_instruction__0182_00; hkust__apply_student_visa__action_instruction__0182_01; hkust__apply_student_visa__action_instruction__0182_02,audited,30 keep; 4 review/missing; 2 reject,evidence_found,2026-06-30
hkust-apply_accommodation,HKUST,housing,申请宿舍或安排校外住宿,查询学校住宿申请窗口、资格和优先级；如校内宿舍名额有限，同时准备校外租房备选方案。,计划到港就读，且尚未提交住宿申请或确定住所。,以学校住宿页面公布的 application period / hall application deadline 为准。,student ID / application number；入学证明；住宿申请表；可能需要的紧急联系人信息。,https://shrl.hkust.edu.hk/apply-for-housing/pg/tpgs-visiting-internship-students-and-mba-students,medium,https://shrl.hkust.edu.hk/apply-for-housing/pg/tpgs-visiting-internship-students-and-mba-students,2026-06-29,apply_accommodation,0,0,0,0,0,,,,,,,,no_evidence,,no_evidence,2026-06-30
hkust-pay_tuition,HKUST,payment,核对并缴纳学费 / 其他费用,核对 programme tuition、缴费方式、分期安排和账单生成时间，按学校财务或学生系统要求付款。,学费账单或缴费通知已发布，且尚未完成付款。,以学校缴费页面、学生系统账单或学院邮件为准。,student ID；缴费通知；付款工具；付款凭证。,https://fytgs.hkust.edu.hk/admissions/Admission-to-Hong-Kong-Campus/submitting-an-application/scholarships-and-fees,medium,https://fytgs.hkust.edu.hk/admissions/Admission-to-Hong-Kong-Campus/submitting-an-application/scholarships-and-fees,2026-06-29,pay_tuition,0,0,0,0,0,,,,,,,,no_evidence,,no_evidence,2026-06-30
hkust-complete_registration,HKUST,registration,完成线上注册 / 学籍激活,按学校注册指引激活学生账号、完成个人资料、上传证件或注册确认，并检查是否需要线下核验。,学校开放 registration / enrolment，且尚未完成。,以学校 registration guide、学生系统和邮件通知为准。,身份证明；旅行证件；证件照片；录取信息；学校要求上传的声明或表格。,https://fytgs.hkust.edu.hk/admissions/Admission-to-Hong-Kong-Campus/after-getting-an-offer/handy-resources-preparing-your-studies/handy-resources-tpg,high,https://fytgs.hkust.edu.hk/admissions/Admission-to-Hong-Kong-Campus/after-getting-an-offer/handy-resources-preparing-your-studies/handy-resources-tpg,2026-06-29,complete_registration,0,0,0,0,0,,,,,,,,no_evidence,,no_evidence,2026-06-30
hkust-prepare_arrival_orientation,HKUST,orientation,准备入境与参加 orientation,整理入境文件、住宿安排、交通和报到材料，关注 orientation / induction 活动报名与时间表。,签证 / 进入许可获批后，或开学前学校发布 orientation 安排。,以学校 orientation 页面、学院邮件和入境日期安排为准。,旅行证件；签证 / 进入许可；录取证明；住宿地址；保险 / 现金 / 电话卡等到港准备材料。,https://fytgs.hkust.edu.hk/admissions/Admission-to-Hong-Kong-Campus/after-getting-an-offer/moving-to-hong-kong,medium,https://fytgs.hkust.edu.hk/admissions/Admission-to-Hong-Kong-Campus/after-getting-an-offer/moving-to-hong-kong,2026-06-29,prepare_arrival_orientation,0,0,0,0,0,,,,,,,,no_evidence,,no_evidence,2026-06-30
lingnan-accept_offer,Lingnan,offer_acceptance,接受 offer 并确认入读意向,登录学校申请系统或 offer letter 指定入口，按要求接受录取。若页面要求同时确认条款、上传回执或选择入学批次，需要一并完成。,收到 offer 后，且尚未完成 official acceptance。,以 offer letter、申请系统或学院邮件显示的 acceptance deadline 为准。,offer letter；申请系统账号；学校要求的接受录取确认信息。,https://www.ln.edu.hk/sgs/for-prospective-students/taught-postgraduate-programmes/admission-information,high,https://www.ln.edu.hk/sgs/for-prospective-students/taught-postgraduate-programmes/admission-information,2026-06-29,accept_offer,0,5,0,0,5,,,,,,,,audited,5 reject,evidence_needs_review,2026-06-30
lingnan-pay_deposit,Lingnan,offer_acceptance,缴纳留位费 / admission deposit,按学校指定付款方式缴纳留位费，并保存付款成功页面、交易编号或银行凭证。,offer 条款或申请系统要求缴纳 deposit，且尚未完成付款。,通常与接受 offer 的截止日绑定；以 offer letter / portal 的金额与截止时间为准。,银行卡或汇款信息；付款凭证；application number / student ID。,https://www.ln.edu.hk/sgs/for-prospective-students/taught-postgraduate-programmes/admission-information,high,https://www.ln.edu.hk/sgs/for-prospective-students/taught-postgraduate-programmes/admission-information,2026-06-29,pay_deposit,0,2,0,0,2,,,,,,,,audited,2 reject,evidence_needs_review,2026-06-30
lingnan-submit_conditions,Lingnan,offer_acceptance,补交 conditional offer 材料,核对 conditional offer 中尚未满足的条件，提交最终成绩单、毕业证、学位证、语言成绩或官方认证文件。,offer 为 conditional，且仍有 pending condition。,以 conditional offer、学院邮件或学校系统内的 document deadline 为准。,最终成绩单；毕业证 / 学位证；语言成绩；官方认证件；学校额外要求文件。,https://www.ln.edu.hk/sgs/for-prospective-students/taught-postgraduate-programmes/admission-information,high,https://www.ln.edu.hk/sgs/for-prospective-students/taught-postgraduate-programmes/admission-information,2026-06-29,submit_conditions,0,5,0,0,5,,,,,,,,audited,5 reject,evidence_needs_review,2026-06-30
lingnan-apply_student_visa,Lingnan,visa,申请学生签证 / 进入许可,内地学生通常需要通过学校申请 entry permit / student visa。尽早准备表格、身份证明、录取证明和资金材料，等待学校或入境处处理。,决定入读且尚未递交学生签证 / 进入许可申请。,以学校签证页面、邮件及香港入境事务处处理周期为准；不要等到临近开学才递交。,签证 / 进入许可申请表；旅行证件；录取证明；财力证明；照片；学校要求的其他文件。,https://www.ln.edu.hk/fb/tpo/applications/information-for-non-local-applicants,high,https://www.ln.edu.hk/fb/tpo/applications/information-for-non-local-applicants,2026-06-29,apply_student_visa,0,0,0,0,0,,,,,,,,no_evidence,,no_evidence,2026-06-30
lingnan-apply_accommodation,Lingnan,housing,申请宿舍或安排校外住宿,查询学校住宿申请窗口、资格和优先级；如校内宿舍名额有限，同时准备校外租房备选方案。,计划到港就读，且尚未提交住宿申请或确定住所。,以学校住宿页面公布的 application period / hall application deadline 为准。,student ID / application number；入学证明；住宿申请表；可能需要的紧急联系人信息。,https://www.ln.edu.hk/osa/student-experience/cultural-integration/planning-your-arrival/accommodation,medium,https://www.ln.edu.hk/osa/student-experience/cultural-integration/planning-your-arrival/accommodation,2026-06-29,apply_accommodation,0,1,0,0,1,,,,,,,,audited,1 reject,evidence_needs_review,2026-06-30
lingnan-pay_tuition,Lingnan,payment,核对并缴纳学费 / 其他费用,核对 programme tuition、缴费方式、分期安排和账单生成时间，按学校财务或学生系统要求付款。,学费账单或缴费通知已发布，且尚未完成付款。,以学校缴费页面、学生系统账单或学院邮件为准。,student ID；缴费通知；付款工具；付款凭证。,https://www.ln.edu.hk/sgs/tpg,medium,https://www.ln.edu.hk/sgs/tpg,2026-06-29,pay_tuition,0,0,0,0,0,,,,,,,,no_evidence,,no_evidence,2026-06-30
lingnan-complete_registration,Lingnan,registration,完成线上注册 / 学籍激活,按学校注册指引激活学生账号、完成个人资料、上传证件或注册确认，并检查是否需要线下核验。,学校开放 registration / enrolment，且尚未完成。,以学校 registration guide、学生系统和邮件通知为准。,身份证明；旅行证件；证件照片；录取信息；学校要求上传的声明或表格。,https://www.ln.edu.hk/sgs/for-prospective-students/taught-postgraduate-programmes/admission-information,high,https://www.ln.edu.hk/sgs/for-prospective-students/taught-postgraduate-programmes/admission-information,2026-06-29,complete_registration,0,0,0,0,0,,,,,,,,no_evidence,,no_evidence,2026-06-30
lingnan-prepare_arrival_orientation,Lingnan,orientation,准备入境与参加 orientation,整理入境文件、住宿安排、交通和报到材料，关注 orientation / induction 活动报名与时间表。,签证 / 进入许可获批后，或开学前学校发布 orientation 安排。,以学校 orientation 页面、学院邮件和入境日期安排为准。,旅行证件；签证 / 进入许可；录取证明；住宿地址；保险 / 现金 / 电话卡等到港准备材料。,https://www.ln.edu.hk/osa/student-experience/cultural-integration/orientation-and-support/orientation-for-non-local-taught-postgraduate-students,medium,https://www.ln.edu.hk/osa/student-experience/cultural-integration/orientation-and-support/orientation-for-non-local-taught-postgraduate-students,2026-06-29,prepare_arrival_orientation,0,0,0,0,0,,,,,,,,no_evidence,,no_evidence,2026-06-30
polyu-accept_offer,PolyU,offer_acceptance,接受 offer 并确认入读意向,登录学校申请系统或 offer letter 指定入口，按要求接受录取。若页面要求同时确认条款、上传回执或选择入学批次，需要一并完成。,收到 offer 后，且尚未完成 official acceptance。,以 offer letter、申请系统或学院邮件显示的 acceptance deadline 为准。,offer letter；申请系统账号；学校要求的接受录取确认信息。,https://www.polyu.edu.hk/study/pg/taught-postgraduate/,high,https://www.polyu.edu.hk/study/pg/taught-postgraduate/,2026-06-29,accept_offer,0,0,0,0,0,,,,,,,,no_evidence,,no_evidence,2026-06-30
polyu-pay_deposit,PolyU,offer_acceptance,缴纳留位费 / admission deposit,按学校指定付款方式缴纳留位费，并保存付款成功页面、交易编号或银行凭证。,offer 条款或申请系统要求缴纳 deposit，且尚未完成付款。,通常与接受 offer 的截止日绑定；以 offer letter / portal 的金额与截止时间为准。,银行卡或汇款信息；付款凭证；application number / student ID。,https://www.polyu.edu.hk/study/pg/taught-postgraduate/,high,https://www.polyu.edu.hk/study/pg/taught-postgraduate/,2026-06-29,pay_deposit,0,0,0,0,0,,,,,,,,no_evidence,,no_evidence,2026-06-30
polyu-submit_conditions,PolyU,offer_acceptance,补交 conditional offer 材料,核对 conditional offer 中尚未满足的条件，提交最终成绩单、毕业证、学位证、语言成绩或官方认证文件。,offer 为 conditional，且仍有 pending condition。,以 conditional offer、学院邮件或学校系统内的 document deadline 为准。,最终成绩单；毕业证 / 学位证；语言成绩；官方认证件；学校额外要求文件。,https://www.polyu.edu.hk/study/pg/taught-postgraduate/,high,https://www.polyu.edu.hk/study/pg/taught-postgraduate/,2026-06-29,submit_conditions,10,42,10,3,29,"action_instruction, deadline, required_document","You should update your results and upload your final official transcript(s)/certificate(s) to your application on or before the date which you have specified. | Please indicate your acceptance and settle the registration fee or tuition fee before the ""last day for payment"" displayed in the Notice of Offer, and register on the programme registration date as indicated on the Notice of Offer. (For conditional offer, you need to complete the procedures for meeting the conditions stated in the Notice of Offer beforeha... | For meeting condition(s), please return to the Online Notice of Offer page via eAdmission to complete the procedures for ""Meeting Conditions"" when you have acquired the relevant qualifications on or before the ""Meet Condition Date"".","If you have not yet received your results/transcript(s)/certificate(s) when you apply, please indicate in your application the date on which they will be available. | You should update your results and upload your final official transcript(s)/certificate(s) to your application on or before the date which you have specified. | You are required to upload your identity document transcript(s)/certificate(s) in support of your qualifications and other documents (including official English translation if your documents are not in English) as specifically required for your programme choices when you submit your application.","If you have not yet received your results/transcript(s)/certificate(s) when you apply, please indicate in your application the date on which they will be available. | You should update your results and upload your final official transcript(s)/certificate(s) to your application on or before the date which you have specified. | You are required to upload your identity document transcript(s)/certificate(s) in support of your qualifications and other documents (including official English translation if your documents are not in English) as specifically required for your programme choices when you submit your application.",,,polyu__submit_conditions__required_document__0218_00; polyu__submit_conditions__action_instruction__0218_01; polyu__submit_conditions__deadline__0218_02; polyu__submit_conditions__required_document__0218_03; polyu__submit_conditions__action_instruction__0218_04; polyu__submit_conditions__required_document__0219_01; polyu__submit_conditions__action_instruction__0219_02; polyu__submit_conditions__deadline__0234_00; polyu__submit_conditions__action_instruction__0234_01; polyu__submit_conditions__deadline__0235_00,audited,10 keep; 3 review/missing; 29 reject,evidence_found,2026-06-30
polyu-apply_student_visa,PolyU,visa,申请学生签证 / 进入许可,内地学生通常需要通过学校申请 entry permit / student visa。尽早准备表格、身份证明、录取证明和资金材料，等待学校或入境处处理。,决定入读且尚未递交学生签证 / 进入许可申请。,以学校签证页面、邮件及香港入境事务处处理周期为准；不要等到临近开学才递交。,签证 / 进入许可申请表；旅行证件；录取证明；财力证明；照片；学校要求的其他文件。,https://www.polyu.edu.hk/ar/web/for-new-students/non-local-students/important-notes-for-non-local-students/,high,https://www.polyu.edu.hk/ar/web/for-new-students/non-local-students/important-notes-for-non-local-students/,2026-06-29,apply_student_visa,12,16,12,2,2,"action_instruction, action_url, deadline, required_document","Therefore students have to ensure that they have adequate funds to cover tuition fees, accommodation and other expenses, including medical insurance before accepting the offer to study at PolyU. | It will normally take 8-10 weeks for the Immigration Department of HKSAR to process your application, therefore, you should complete and return the student visa application form with all the required documents to us by express post as soon as possible after you have accepted our offer.","It will normally take 8-10 weeks for the Immigration Department of HKSAR to process your application, therefore, you should complete and return the student visa application form with all the required documents to us by express post as soon as possible after you have accepted our offer. | This proof can take the form of personal or family bank letters/bank statements.","It will normally take 8-10 weeks for the Immigration Department of HKSAR to process your application, therefore, you should complete and return the student visa application form with all the required documents to us by express post as soon as possible after you have accepted our offer. | The Hong Kong Immigration Department requires all non-local students to provide proof of their ability to pay tuition fees and living expenses upon submission of their student visa applications. | You can check the latest status of your student visa application via eAdmission (https://www38.polyu.edu.hk/eAdmission/index.do) from time to time.",https://www38.polyu.edu.hk/eAdmission/index.do | https://www.polyu.edu.hk/aradm/tpg/guidelines_qualification_verification.pdf | https://www.polyu.edu.hk/study/pg/taught-postgraduate/general-information-tpg,,polyu__apply_student_visa__action_url__0215_00; polyu__apply_student_visa__deadline__0215_01; polyu__apply_student_visa__deadline__0241_00; polyu__apply_student_visa__required_document__0241_01; polyu__apply_student_visa__action_instruction__0241_02; polyu__apply_student_visa__action_instruction__0242_00; polyu__apply_student_visa__required_document__0242_01; polyu__apply_student_visa__action_url__0243_00; polyu__apply_student_visa__action_instruction__0243_01; polyu__apply_student_visa__action_instruction__0244_00; polyu__apply_student_visa__action_url__0247_00; polyu__apply_student_visa__action_url__0247_01,audited,12 keep; 2 review/missing; 2 reject,evidence_found,2026-06-30
polyu-apply_accommodation,PolyU,housing,申请宿舍或安排校外住宿,查询学校住宿申请窗口、资格和优先级；如校内宿舍名额有限，同时准备校外租房备选方案。,计划到港就读，且尚未提交住宿申请或确定住所。,以学校住宿页面公布的 application period / hall application deadline 为准。,student ID / application number；入学证明；住宿申请表；可能需要的紧急联系人信息。,https://www.polyu.edu.hk/sao/student-resources-and-support-section/residential-life/,medium,https://www.polyu.edu.hk/sao/student-resources-and-support-section/residential-life/,2026-06-29,apply_accommodation,5,5,5,0,0,"action_instruction, action_url, deadline","To check out further information on accommodation, please click here (https://www.polyu.edu.hk/sao/student-resources-and-support-section/non-local-student-services/living-and-working-in-hong-kong/off-campus-accommodation-information/) Before Application Submission",,"Please click here (https://www.polyu.edu.hk/sao/student-resources-and-support-section/non-local-student-services/) for details. | To check out further information on accommodation, please click here (https://www.polyu.edu.hk/sao/student-resources-and-support-section/non-local-student-services/living-and-working-in-hong-kong/off-campus-accommodation-information/) Before Application Submission",https://www.polyu.edu.hk/sao/student-resources-and-support-section/non-local-student-services/ | https://www.polyu.edu.hk/sao/student-resources-and-support-section/non-local-student-services/living-and-working-in-hong-kong/off-campus-accommodation-information/,,polyu__apply_accommodation__action_url__0216_00; polyu__apply_accommodation__action_url__0216_01; polyu__apply_accommodation__action_instruction__0216_02; polyu__apply_accommodation__deadline__0216_03; polyu__apply_accommodation__action_instruction__0216_04,audited,5 keep,evidence_found,2026-06-30
polyu-pay_tuition,PolyU,payment,核对并缴纳学费 / 其他费用,核对 programme tuition、缴费方式、分期安排和账单生成时间，按学校财务或学生系统要求付款。,学费账单或缴费通知已发布，且尚未完成付款。,以学校缴费页面、学生系统账单或学院邮件为准。,student ID；缴费通知；付款工具；付款凭证。,https://www.polyu.edu.hk/study/pg/taught-postgraduate/tuition-fees-tpg,medium,https://www.polyu.edu.hk/study/pg/taught-postgraduate/tuition-fees-tpg,2026-06-29,pay_tuition,1,4,1,0,3,action_url,,,,https://www.polyu.edu.hk/study/pg/taught-postgraduate/non-local-applicants-tpg,,polyu__pay_tuition__action_url__0205_00,audited,1 keep; 3 reject,evidence_found,2026-06-30
polyu-complete_registration,PolyU,registration,完成线上注册 / 学籍激活,按学校注册指引激活学生账号、完成个人资料、上传证件或注册确认，并检查是否需要线下核验。,学校开放 registration / enrolment，且尚未完成。,以学校 registration guide、学生系统和邮件通知为准。,身份证明；旅行证件；证件照片；录取信息；学校要求上传的声明或表格。,https://www.polyu.edu.hk/ar/students-in-taught-programmes/registration-information/programme-registration-enrolment/,high,https://www.polyu.edu.hk/ar/students-in-taught-programmes/registration-information/programme-registration-enrolment/,2026-06-29,complete_registration,0,0,0,0,0,,,,,,,,no_evidence,,no_evidence,2026-06-30
polyu-prepare_arrival_orientation,PolyU,orientation,准备入境与参加 orientation,整理入境文件、住宿安排、交通和报到材料，关注 orientation / induction 活动报名与时间表。,签证 / 进入许可获批后，或开学前学校发布 orientation 安排。,以学校 orientation 页面、学院邮件和入境日期安排为准。,旅行证件；签证 / 进入许可；录取证明；住宿地址；保险 / 现金 / 电话卡等到港准备材料。,https://www.polyu.edu.hk/sao/student-resources-and-support-section/non-local-student-services/programmes-for-nls/orientation-and-welcoming-weeks/,medium,https://www.polyu.edu.hk/sao/student-resources-and-support-section/non-local-student-services/programmes-for-nls/orientation-and-welcoming-weeks/,2026-06-29,prepare_arrival_orientation,0,0,0,0,0,,,,,,,,no_evidence,,no_evidence,2026-06-30
